source_file_id,source_file_name,source_path,source_modified_time,genre,rating,title,year
1MH6S6tSc9ZCo-G0tCfqRiWicbAZtLdZS,Inkbound.json,ArchiveDjs/FavoritesUyd/DecadesPtn/WatchlistLlq/NetflixGfs/Inkbound.json,2025-05-14T01:20:16.000Z,Fantasy,8.2,Inkbound,2021
13hIAPCuuS6njA4tfrqpzlOxt7YISANUj,Midnight_Bloom.json,ArchiveDjs/FavoritesUyd/DecadesPtn/WatchlistLlq/NetflixGfs/Midnight_Bloom.json,2025-05-14T01:20:16.000Z,Romance,6.9,Midnight Bloom,2018
1gcgDX7ZgPGPi1atyOSYPkr3Nr3ccitTQ,Burning_Bright.json,ClassicsPfg/YearsLqg/VaultRlj/YearsGiy/Burning_Bright.json,2025-05-14T01:20:16.000Z,Romance,8.3,Burning Bright,2022
1o5ko62hyiruDqfQlZnrG0cGCzEYcOx3x,Last_Train_North.json,ClassicsPfg/YearsLqg/VaultRlj/YearsGiy/Last_Train_North.json,2025-05-14T01:20:16.000Z,Thriller,7.8,Last Train North,2020
1hCN4QYLx_dLR14iVOGwMf0d7E6pt_E1n,Neon_Skies.json,ClassicsPfg/YearsLqg/VaultRlj/YearsGiy/Neon_Skies.json,2025-05-14T01:20:16.000Z,Thriller,7.9,Neon Skies,2021
1IU9bUNeIBhwR5Nry0u3mi2pu2azGSD8M,Steel_Horizon.json,ClassicsPfg/YearsLqg/VaultRlj/YearsGiy/Steel_Horizon.json,2025-05-14T01:20:16.000Z,Action,8.1,Steel Horizon,2022
145g4AKNhaZo9CbLMEFGF5deqDY9XA0U1,Chasing_Silence.json,ClassicsTfu/Chasing_Silence.json,2025-05-14T01:20:16.000Z,Mystery,7.5,Chasing Silence,2019
1aeHDiLPidem3nudVR2WkhrriQxmCQAgk,Outpost_Echo.json,ClassicsTfu/Outpost_Echo.json,2025-05-14T01:20:16.000Z,War,7.3,Outpost Echo,2022
1KOLV65ywoaOTgiKBqS8cq2SJTWMHwaWh,Split_Second.json,ClassicsTfu/Split_Second.json,2025-05-14T01:20:16.000Z,Action,6.6,Split Second,2017
1MWoGCKVBkDshyH6sCHBhoGbdWeEYBhwY,Dust_Storm.json,ClassicsVsv/VaultAjr/Dust_Storm.json,2025-05-14T01:20:16.000Z,Western,7.4,Dust Storm,2019
1OwYOKn8s2JnSom0Pq6aM0SX42fZLznST,Nightingale_Road.json,ClassicsVsv/VaultAjr/Nightingale_Road.json,2025-05-14T01:20:16.000Z,Drama,7,Nightingale Road,2019
1Iuyg0YXc7W388DGYlN56Vr0RJoB1Ej38,Plastic_Oceans.json,ClassicsVsv/VaultAjr/Plastic_Oceans.json,2025-05-14T01:20:16.000Z,Documentary,7.8,Plastic Oceans,2017
1sKwUNVpnFvuzrVOl2bEKQPkUxon4GIeX,Quantum_Drift.json,ClassicsVsv/VaultAjr/Quantum_Drift.json,2025-05-14T01:20:16.000Z,Sci-Fi,7.1,Quantum Drift,2020
1MKaDofL5va9SdK_gZ7jvV0QIASepxILS,Crimson_Sand.json,DecadesRhq/YearsTif/YearsGlx/ArchiveGkr/GenresGod/Crimson_Sand.json,2025-05-14T01:20:16.000Z,Action,7.6,Crimson Sand,2021
17abxNUwDXxmuU9qr-_-e9G_NowVKhv6Z,Winter's_Edge.json,DecadesYuv/NetflixZcy/DecadesLtp/Winter's_Edge.json,2025-05-14T01:20:16.000Z,Drama,7,Winter's Edge,2020
1hG-K_RdadxogqAd3yDGElDzJyqO0O156,Blueprints.json,DecadesYww/TopPicksKwl/DecadesMtt/Blueprints.json,2025-05-14T01:20:16.000Z,Documentary,6.5,Blueprints,2016
1cWnDmW-weybZ_tj3Q1GgfvQ6eydyIbl_,Heatwave.json,DecadesYww/TopPicksKwl/DecadesMtt/Heatwave.json,2025-05-14T01:20:16.000Z,Drama,7.7,Heatwave,2021
1W9DTDsEz0pg_EQo4XgQ4uCga6txGw8sz,Sunset_Riders.json,DecadesYww/TopPicksKwl/DecadesMtt/Sunset_Riders.json,2025-05-14T01:20:16.000Z,Western,7.3,Sunset Riders,2016
1Xj5EY_hODA-Io4yVOQwBI0AFjiI4K_7m,Inkbound.json,Inkbound.json,2025-05-13T20:28:31.000Z,Drama,8.2,Inkbound,2021
17WglpyxJpXq00aQW75lUJxduCATjrP9H,Midnight_Bloom.json,Midnight_Bloom.json,2025-05-13T20:29:22.000Z,Drama,6.9,Midnight Bloom,2018
18VMoTpKYCARz4AMQittbhm2qe3liY6YS,Coldwater_Pact.json,TopPicksAwi/ArchiveCsb/WatchlistKkm/DecadesQmx/TopPicksObd/Coldwater_Pact.json,2025-05-14T01:20:16.000Z,Thriller,6.9,Coldwater Pact,2017
1bL6_DmY9a4W2NuIPM1tw8P3Uwr6Xsa7f,The_Harvest_Code.json,TopPicksAwi/ArchiveCsb/WatchlistKkm/DecadesQmx/TopPicksObd/The_Harvest_Code.json,2025-05-14T01:20:16.000Z,Sci-Fi,6.9,The Harvest Code,2022
1-7KVFOqYgDtLUq_lUNuUrra0BzPYa04c,The_Long_Hunt.json,TopPicksAwi/ArchiveCsb/WatchlistKkm/DecadesQmx/TopPicksObd/The_Long_Hunt.json,2025-05-14T01:20:16.000Z,Mystery,7.2,The Long Hunt,2018
1xx_SZIJn2Q_WhmDfpD0avWKTP9tug7lv,Tiny_Giants.json,TopPicksAwi/ArchiveCsb/WatchlistKkm/DecadesQmx/TopPicksObd/Tiny_Giants.json,2025-05-14T01:20:16.000Z,Animation,8.1,Tiny Giants,2018
1R4X5_EUkex8KB3YUYBmv3j5urbSRKd1D,Bloom_Again.json,TopPicksQgz/WatchlistVlh/Bloom_Again.json,2025-05-14T01:20:16.000Z,Romance,6.7,Bloom Again,2021
1YewFbyqcJO4LejhJAT-RonTkK3xfxAmU,Final_Layer.json,TopPicksQgz/WatchlistVlh/Final_Layer.json,2025-05-14T01:20:16.000Z,Sci-Fi,7.6,Final Layer,2020
1PdMT5GIcV1C7aNrRPAIFlMednk3God8t,Laugh_Lines.json,TopPicksQgz/WatchlistVlh/Laugh_Lines.json,2025-05-14T01:20:16.000Z,Comedy,6.8,Laugh Lines,2020
1Xk0CkRnZp_rNbm7yeXl4nJvHywWw_oF8,Dead_Signal.json,YearsClb/NetflixYdc/TopPicksLxo/GenresTwn/YearsHmw/Dead_Signal.json,2025-05-14T01:20:16.000Z,Horror,6.5,Dead Signal,2022
1sRQFR7QfGPJZvr4iaP4oWvkQ9GHG_kgp,Echoes_of_War.json,YearsClb/NetflixYdc/TopPicksLxo/GenresTwn/YearsHmw/Echoes_of_War.json,2025-05-14T01:20:16.000Z,War,8.4,Echoes of War,2021
1zBq2Gn6rIJHnCC4J7YaSmf6yFhghHO9h,Pixel_Hearts.json,YearsClb/NetflixYdc/TopPicksLxo/GenresTwn/YearsHmw/Pixel_Hearts.json,2025-05-14T01:20:16.000Z,Animation,7.9,Pixel Hearts,2020
140y7z41_stOmrEr1bAqJMN2RAm_AnKKr,Parallel_Earth.json,YearsMkh/Parallel_Earth.json,2025-05-14T01:20:16.000Z,Sci-Fi,8,Parallel Earth,2019
1NfYcHlM3KDeC8efxEslIxkvvAEhdWOTC,The_Climb.json,YearsMkh/The_Climb.json,2025-05-14T01:20:16.000Z,Drama,8.2,The Climb,2019
